flower_id,flower_name,quantity_no_damage,quantity
0,alstromelia,18638.466666666667,20489
1,bouquet_rose_white,18143.6,21545
2,bouquet_rose_red,28080.33,34966
3,bouquet_rose_yellow,21913.78,28221
4,bouquet_rose_orange,23199.15,29104
5,pom,12042.26,13973
6,tulip,18419.925,21110
7,hydrangea,19059.03,24671
8,carnation,19040.95,21005
9,minicarnation,26864.536666666667,29164
10,spiders,15137.7,17346
11,spray rose,21266.87,23211
12,gypsophilia,27286.18,28663
